Team,Timeframe,Profile URL,Maps played,Wins,Draws,Losses,Total kills,Total deaths,Rounds played,K/D Ratio
M80,Last Month,https://www.hltv.org/stats/teams/12376/m80?startDate=all&csVersion=CS2,23,12,0,11,1612,1644,505,0.98
M80,Last 3 Months,https://www.hltv.org/stats/teams/12376/m80?startDate=all&csVersion=CS2,55,33,0,22,3820,3611,1150,1.06
M80,Last 6 Months,https://www.hltv.org/stats/teams/12376/m80?startDate=all&csVersion=CS2,107,66,0,41,7561,7057,2231,1.07
M80,Last 12 Months,https://www.hltv.org/stats/teams/12376/m80?startDate=all&csVersion=CS2,234,155,0,79,16596,14762,4755,1.12
Vitality,Last Month,https://www.hltv.org/stats/teams/9565/vitality?startDate=all&csVersion=CS2,12,8,0,4,844,816,259,1.03
Vitality,Last 3 Months,https://www.hltv.org/stats/teams/9565/vitality?startDate=all&csVersion=CS2,49,40,0,9,3837,3275,1070,1.17
Vitality,Last 6 Months,https://www.hltv.org/stats/teams/9565/vitality?startDate=all&csVersion=CS2,95,80,0,15,7366,6278,2069,1.17
Vitality,Last 12 Months,https://www.hltv.org/stats/teams/9565/vitality?startDate=all&csVersion=CS2,200,149,0,51,15200,13522,4351,1.12
NRG,Last Month,https://www.hltv.org/stats/teams/6673/nrg?startDate=all&csVersion=CS2,16,4,0,12,1086,1265,359,0.86
NRG,Last 3 Months,https://www.hltv.org/stats/teams/6673/nrg?startDate=all&csVersion=CS2,38,14,0,24,2456,2692,776,0.91
NRG,Last 6 Months,https://www.hltv.org/stats/teams/6673/nrg?startDate=all&csVersion=CS2,87,43,0,44,6241,6350,1875,0.98
NRG,Last 12 Months,https://www.hltv.org/stats/teams/6673/nrg?startDate=all&csVersion=CS2,176,102,0,74,12767,12315,3729,1.04
Spirit,Last Month,https://www.hltv.org/stats/teams/7020/spirit?startDate=all&csVersion=CS2,14,13,0,1,1144,901,312,1.27
Spirit,Last 3 Months,https://www.hltv.org/stats/teams/7020/spirit?startDate=all&csVersion=CS2,47,33,0,14,3448,3054,985,1.13
Spirit,Last 6 Months,https://www.hltv.org/stats/teams/7020/spirit?startDate=all&csVersion=CS2,70,49,0,21,5290,4632,1503,1.14
Spirit,Last 12 Months,https://www.hltv.org/stats/teams/7020/spirit?startDate=all&csVersion=CS2,146,100,0,46,11225,10066,3223,1.12
Nouns,Last Month,https://www.hltv.org/stats/teams/11948/nouns?startDate=all&csVersion=CS2,0,0,0,0,0,0,0,-
Nouns,Last 3 Months,https://www.hltv.org/stats/teams/11948/nouns?startDate=all&csVersion=CS2,0,0,0,0,0,0,0,-
Nouns,Last 6 Months,https://www.hltv.org/stats/teams/11948/nouns?startDate=all&csVersion=CS2,0,0,0,0,0,0,0,-
Nouns,Last 12 Months,https://www.hltv.org/stats/teams/11948/nouns?startDate=all&csVersion=CS2,0,0,0,0,0,0,0,-
G2,Last Month,https://www.hltv.org/stats/teams/5995/g2?startDate=all&csVersion=CS2,14,7,0,7,1008,943,299,1.07
G2,Last 3 Months,https://www.hltv.org/stats/teams/5995/g2?startDate=all&csVersion=CS2,69,40,0,29,5082,4564,1463,1.11
G2,Last 6 Months,https://www.hltv.org/stats/teams/5995/g2?startDate=all&csVersion=CS2,113,62,0,51,8217,7728,2427,1.06
G2,Last 12 Months,https://www.hltv.org/stats/teams/5995/g2?startDate=all&csVersion=CS2,200,108,0,92,14624,13805,4317,1.06
Natus Vincere,Last Month,https://www.hltv.org/stats/teams/4608/natus-vincere?startDate=all&csVersion=CS2,16,12,0,4,1168,1020,336,1.15
Natus Vincere,Last 3 Months,https://www.hltv.org/stats/teams/4608/natus-vincere?startDate=all&csVersion=CS2,74,47,0,27,5323,4885,1542,1.09
Natus Vincere,Last 6 Months,https://www.hltv.org/stats/teams/4608/natus-vincere?startDate=all&csVersion=CS2,110,64,0,46,7923,7492,2333,1.06
Natus Vincere,Last 12 Months,https://www.hltv.org/stats/teams/4608/natus-vincere?startDate=all&csVersion=CS2,200,116,0,84,14488,13799,4288,1.05
TYLOO,Last Month,https://www.hltv.org/stats/teams/4863/tyloo?startDate=all&csVersion=CS2,30,19,0,11,2138,2107,640,1.01
TYLOO,Last 3 Months,https://www.hltv.org/stats/teams/4863/tyloo?startDate=all&csVersion=CS2,84,58,0,26,6140,5499,1747,1.12
TYLOO,Last 6 Months,https://www.hltv.org/stats/teams/4863/tyloo?startDate=all&csVersion=CS2,90,64,0,26,6677,5943,1894,1.12
TYLOO,Last 12 Months,https://www.hltv.org/stats/teams/4863/tyloo?startDate=all&csVersion=CS2,167,98,0,69,12319,11747,3602,1.05
9z,Last Month,https://www.hltv.org/stats/teams/9996/9z?startDate=all&csVersion=CS2,21,12,0,9,1622,1563,492,1.04
9z,Last 3 Months,https://www.hltv.org/stats/teams/9996/9z?startDate=all&csVersion=CS2,77,49,0,28,5483,5117,1640,1.07
9z,Last 6 Months,https://www.hltv.org/stats/teams/9996/9z?startDate=all&csVersion=CS2,152,105,0,47,11133,9971,3234,1.12
9z,Last 12 Months,https://www.hltv.org/stats/teams/9996/9z?startDate=all&csVersion=CS2,300,199,0,101,21897,20066,6358,1.09
Wildcard,Last Month,https://www.hltv.org/stats/teams/12257/wildcard?startDate=all&csVersion=CS2,10,8,0,2,739,654,212,1.13
Wildcard,Last 3 Months,https://www.hltv.org/stats/teams/12257/wildcard?startDate=all&csVersion=CS2,48,29,0,19,3564,3279,1038,1.09
Wildcard,Last 6 Months,https://www.hltv.org/stats/teams/12257/wildcard?startDate=all&csVersion=CS2,99,60,0,39,7241,6762,2108,1.07
Wildcard,Last 12 Months,https://www.hltv.org/stats/teams/12257/wildcard?startDate=all&csVersion=CS2,194,113,0,81,13825,12978,4006,1.07
paiN,Last Month,https://www.hltv.org/stats/teams/4773/pain?startDate=all&csVersion=CS2,19,10,0,9,1241,1250,382,0.99
paiN,Last 3 Months,https://www.hltv.org/stats/teams/4773/pain?startDate=all&csVersion=CS2,55,32,0,23,3896,3642,1146,1.07
paiN,Last 6 Months,https://www.hltv.org/stats/teams/4773/pain?startDate=all&csVersion=CS2,85,44,0,41,6058,5950,1833,1.02
paiN,Last 12 Months,https://www.hltv.org/stats/teams/4773/pain?startDate=all&csVersion=CS2,176,88,0,88,12547,12526,3823,1.00
Legacy,Last Month,https://www.hltv.org/stats/teams/12468/legacy?startDate=all&csVersion=CS2,26,19,0,7,1990,1725,560,1.15
Legacy,Last 3 Months,https://www.hltv.org/stats/teams/12468/legacy?startDate=all&csVersion=CS2,83,53,0,30,6068,5348,1744,1.13
Legacy,Last 6 Months,https://www.hltv.org/stats/teams/12468/legacy?startDate=all&csVersion=CS2,104,65,0,39,7642,6906,2221,1.11
Legacy,Last 12 Months,https://www.hltv.org/stats/teams/12468/legacy?startDate=all&csVersion=CS2,225,133,0,92,16440,15173,4824,1.08
Lynn Vision,Last Month,https://www.hltv.org/stats/teams/8840/lynn-vision?startDate=all&csVersion=CS2,27,15,0,12,1987,1877,582,1.06
Lynn Vision,Last 3 Months,https://www.hltv.org/stats/teams/8840/lynn-vision?startDate=all&csVersion=CS2,50,36,0,14,3821,3317,1076,1.15
Lynn Vision,Last 6 Months,https://www.hltv.org/stats/teams/8840/lynn-vision?startDate=all&csVersion=CS2,75,50,0,25,5850,5135,1646,1.14
Lynn Vision,Last 12 Months,https://www.hltv.org/stats/teams/8840/lynn-vision?startDate=all&csVersion=CS2,158,92,0,66,11590,10870,3384,1.07
MOUZ,Last Month,https://www.hltv.org/stats/teams/4494/mouz?startDate=all&csVersion=CS2,33,22,0,11,2415,2154,698,1.12
MOUZ,Last 3 Months,https://www.hltv.org/stats/teams/4494/mouz?startDate=all&csVersion=CS2,58,34,0,24,4085,3772,1212,1.08
MOUZ,Last 6 Months,https://www.hltv.org/stats/teams/4494/mouz?startDate=all&csVersion=CS2,93,54,0,39,6622,6177,1967,1.07
MOUZ,Last 12 Months,https://www.hltv.org/stats/teams/4494/mouz?startDate=all&csVersion=CS2,187,109,0,78,13677,12883,4066,1.06
BIG,Last Month,https://www.hltv.org/stats/teams/7532/big?startDate=all&csVersion=CS2,8,4,0,4,641,588,185,1.09
BIG,Last 3 Months,https://www.hltv.org/stats/teams/7532/big?startDate=all&csVersion=CS2,75,47,0,28,5435,4934,1580,1.10
BIG,Last 6 Months,https://www.hltv.org/stats/teams/7532/big?startDate=all&csVersion=CS2,124,84,0,40,9262,8239,2649,1.12
BIG,Last 12 Months,https://www.hltv.org/stats/teams/7532/big?startDate=all&csVersion=CS2,255,155,0,100,18621,17365,5430,1.07
K27,Last Month,https://www.hltv.org/stats/teams/12895/k27?startDate=all&csVersion=CS2,20,8,0,12,1382,1424,425,0.97
K27,Last 3 Months,https://www.hltv.org/stats/teams/12895/k27?startDate=all&csVersion=CS2,101,58,0,43,7298,7202,2156,1.01
K27,Last 6 Months,https://www.hltv.org/stats/teams/12895/k27?startDate=all&csVersion=CS2,167,102,0,65,12392,11980,3607,1.03
K27,Last 12 Months,https://www.hltv.org/stats/teams/12895/k27?startDate=all&csVersion=CS2,299,187,0,112,22544,21400,6521,1.05
Fluxo,Last Month,https://www.hltv.org/stats/teams/11837/fluxo?startDate=all&csVersion=CS2,8,4,0,4,515,457,146,1.13
Fluxo,Last 3 Months,https://www.hltv.org/stats/teams/11837/fluxo?startDate=all&csVersion=CS2,52,24,0,28,3539,3435,1071,1.03
Fluxo,Last 6 Months,https://www.hltv.org/stats/teams/11837/fluxo?startDate=all&csVersion=CS2,85,39,0,46,6007,5851,1806,1.03
Fluxo,Last 12 Months,https://www.hltv.org/stats/teams/11837/fluxo?startDate=all&csVersion=CS2,195,100,0,95,13972,13589,4152,1.03
Spirit Academy,Last Month,https://www.hltv.org/stats/teams/7900/spirit-academy?startDate=all&csVersion=CS2,0,0,0,0,0,0,0,-
Spirit Academy,Last 3 Months,https://www.hltv.org/stats/teams/7900/spirit-academy?startDate=all&csVersion=CS2,0,0,0,0,0,0,0,-
Spirit Academy,Last 6 Months,https://www.hltv.org/stats/teams/7900/spirit-academy?startDate=all&csVersion=CS2,0,0,0,0,0,0,0,-
Spirit Academy,Last 12 Months,https://www.hltv.org/stats/teams/7900/spirit-academy?startDate=all&csVersion=CS2,83,39,0,44,6114,6333,1833,0.97
FaZe,Last Month,https://www.hltv.org/stats/teams/6667/faze?startDate=all&csVersion=CS2,18,9,0,9,1404,1348,413,1.04
FaZe,Last 3 Months,https://www.hltv.org/stats/teams/6667/faze?startDate=all&csVersion=CS2,64,31,0,33,4664,4658,1405,1.00
FaZe,Last 6 Months,https://www.hltv.org/stats/teams/6667/faze?startDate=all&csVersion=CS2,97,47,0,50,6785,6850,2052,0.99
FaZe,Last 12 Months,https://www.hltv.org/stats/teams/6667/faze?startDate=all&csVersion=CS2,203,103,0,100,14428,14408,4357,1.00
HOTU,Last Month,https://www.hltv.org/stats/teams/11581/hotu?startDate=all&csVersion=CS2,26,17,0,9,1960,1852,569,1.06
HOTU,Last 3 Months,https://www.hltv.org/stats/teams/11581/hotu?startDate=all&csVersion=CS2,68,36,0,32,4992,5111,1514,0.98
HOTU,Last 6 Months,https://www.hltv.org/stats/teams/11581/hotu?startDate=all&csVersion=CS2,146,88,0,58,10796,10318,3145,1.05
HOTU,Last 12 Months,https://www.hltv.org/stats/teams/11581/hotu?startDate=all&csVersion=CS2,248,150,0,98,18237,17499,5318,1.04
Marsborne,Last Month,https://www.hltv.org/stats/teams/13124/marsborne?startDate=all&csVersion=CS2,16,10,0,6,1177,1189,349,0.99
Marsborne,Last 3 Months,https://www.hltv.org/stats/teams/13124/marsborne?startDate=all&csVersion=CS2,59,32,0,27,4069,4250,1231,0.96
Marsborne,Last 6 Months,https://www.hltv.org/stats/teams/13124/marsborne?startDate=all&csVersion=CS2,123,72,0,51,8915,8781,2626,1.02
Marsborne,Last 12 Months,https://www.hltv.org/stats/teams/13124/marsborne?startDate=all&csVersion=CS2,274,170,0,104,20129,18987,5805,1.06
Rare Atom,Last Month,https://www.hltv.org/stats/teams/11514/rare-atom?startDate=all&csVersion=CS2,6,2,0,4,447,433,127,1.03
Rare Atom,Last 3 Months,https://www.hltv.org/stats/teams/11514/rare-atom?startDate=all&csVersion=CS2,65,33,0,32,4718,4532,1362,1.04
Rare Atom,Last 6 Months,https://www.hltv.org/stats/teams/11514/rare-atom?startDate=all&csVersion=CS2,98,52,0,46,7382,7026,2121,1.05
Rare Atom,Last 12 Months,https://www.hltv.org/stats/teams/11514/rare-atom?startDate=all&csVersion=CS2,189,102,0,87,14224,13690,4116,1.04
Virtus.pro,Last Month,https://www.hltv.org/stats/teams/5378/virtuspro?startDate=all&csVersion=CS2,12,10,0,2,968,920,278,1.05
Virtus.pro,Last 3 Months,https://www.hltv.org/stats/teams/5378/virtuspro?startDate=all&csVersion=CS2,12,10,0,2,968,920,278,1.05
Virtus.pro,Last 6 Months,https://www.hltv.org/stats/teams/5378/virtuspro?startDate=all&csVersion=CS2,21,11,0,10,1568,1623,478,0.97
Virtus.pro,Last 12 Months,https://www.hltv.org/stats/teams/5378/virtuspro?startDate=all&csVersion=CS2,88,40,0,48,6168,6326,1915,0.98
9 Pandas,Last Month,https://www.hltv.org/stats/teams/11883/9-pandas?startDate=all&csVersion=CS2,0,0,0,0,0,0,0,-
9 Pandas,Last 3 Months,https://www.hltv.org/stats/teams/11883/9-pandas?startDate=all&csVersion=CS2,0,0,0,0,0,0,0,-
9 Pandas,Last 6 Months,https://www.hltv.org/stats/teams/11883/9-pandas?startDate=all&csVersion=CS2,0,0,0,0,0,0,0,-
9 Pandas,Last 12 Months,https://www.hltv.org/stats/teams/11883/9-pandas?startDate=all&csVersion=CS2,0,0,0,0,0,0,0,-
Aurora,Last Month,https://www.hltv.org/stats/teams/11861/aurora?startDate=all&csVersion=CS2,12,6,0,6,926,907,278,1.02
Aurora,Last 3 Months,https://www.hltv.org/stats/teams/11861/aurora?startDate=all&csVersion=CS2,61,34,0,27,4477,4309,1337,1.04
Aurora,Last 6 Months,https://www.hltv.org/stats/teams/11861/aurora?startDate=all&csVersion=CS2,98,54,0,44,7214,7015,2153,1.03
Aurora,Last 12 Months,https://www.hltv.org/stats/teams/11861/aurora?startDate=all&csVersion=CS2,190,102,0,88,13970,13713,4175,1.02
Astralis,Last Month,https://www.hltv.org/stats/teams/6665/astralis?startDate=all&csVersion=CS2,9,5,0,4,576,595,180,0.97
Astralis,Last 3 Months,https://www.hltv.org/stats/teams/6665/astralis?startDate=all&csVersion=CS2,52,30,0,22,3589,3618,1081,0.99
Astralis,Last 6 Months,https://www.hltv.org/stats/teams/6665/astralis?startDate=all&csVersion=CS2,94,52,0,42,6501,6537,1960,0.99
Astralis,Last 12 Months,https://www.hltv.org/stats/teams/6665/astralis?startDate=all&csVersion=CS2,194,100,0,94,13523,13678,4099,0.99
HEROIC,Last Month,https://www.hltv.org/stats/teams/7175/heroic?startDate=all&csVersion=CS2,20,6,0,14,1318,1500,425,0.88
HEROIC,Last 3 Months,https://www.hltv.org/stats/teams/7175/heroic?startDate=all&csVersion=CS2,56,24,0,32,3775,3925,1167,0.96
HEROIC,Last 6 Months,https://www.hltv.org/stats/teams/7175/heroic?startDate=all&csVersion=CS2,97,48,0,49,6757,6774,2048,1.00
HEROIC,Last 12 Months,https://www.hltv.org/stats/teams/7175/heroic?startDate=all&csVersion=CS2,189,92,0,97,13332,13597,4036,0.98
B8,Last Month,https://www.hltv.org/stats/teams/11241/b8?startDate=all&csVersion=CS2,22,13,0,9,1665,1747,507,0.95
B8,Last 3 Months,https://www.hltv.org/stats/teams/11241/b8?startDate=all&csVersion=CS2,80,43,0,37,5756,5732,1713,1.00
B8,Last 6 Months,https://www.hltv.org/stats/teams/11241/b8?startDate=all&csVersion=CS2,98,49,0,49,7186,7232,2146,0.99
B8,Last 12 Months,https://www.hltv.org/stats/teams/11241/b8?startDate=all&csVersion=CS2,181,89,0,92,13036,13198,3921,0.99
BetBoom,Last Month,https://www.hltv.org/stats/teams/12394/betboom?startDate=all&csVersion=CS2,17,10,0,7,1138,1101,343,1.03
BetBoom,Last 3 Months,https://www.hltv.org/stats/teams/12394/betboom?startDate=all&csVersion=CS2,56,35,0,21,3969,3760,1160,1.06
BetBoom,Last 6 Months,https://www.hltv.org/stats/teams/12394/betboom?startDate=all&csVersion=CS2,144,92,0,52,10677,9961,3096,1.07
BetBoom,Last 12 Months,https://www.hltv.org/stats/teams/12394/betboom?startDate=all&csVersion=CS2,292,182,0,110,21784,20355,6332,1.07
Liquid,Last Month,https://www.hltv.org/stats/teams/5973/liquid?startDate=all&csVersion=CS2,21,8,0,13,1433,1498,441,0.96
Liquid,Last 3 Months,https://www.hltv.org/stats/teams/5973/liquid?startDate=all&csVersion=CS2,53,20,0,33,3826,4008,1166,0.95
Liquid,Last 6 Months,https://www.hltv.org/stats/teams/5973/liquid?startDate=all&csVersion=CS2,81,32,0,49,5860,6114,1791,0.96
Liquid,Last 12 Months,https://www.hltv.org/stats/teams/5973/liquid?startDate=all&csVersion=CS2,185,84,0,101,13186,13619,4024,0.97
Imperial,Last Month,https://www.hltv.org/stats/teams/9455/imperial?startDate=all&csVersion=CS2,13,5,0,8,952,937,288,1.02
Imperial,Last 3 Months,https://www.hltv.org/stats/teams/9455/imperial?startDate=all&csVersion=CS2,60,33,0,27,4366,4198,1301,1.04
Imperial,Last 6 Months,https://www.hltv.org/stats/teams/9455/imperial?startDate=all&csVersion=CS2,119,65,0,54,8820,8474,2600,1.04
Imperial,Last 12 Months,https://www.hltv.org/stats/teams/9455/imperial?startDate=all&csVersion=CS2,243,147,0,96,18011,17035,5264,1.06
The MongolZ,Last Month,https://www.hltv.org/stats/teams/6248/the-mongolz?startDate=all&csVersion=CS2,23,12,0,11,1858,1837,556,1.01
The MongolZ,Last 3 Months,https://www.hltv.org/stats/teams/6248/the-mongolz?startDate=all&csVersion=CS2,59,34,0,25,4449,4471,1340,1.00
The MongolZ,Last 6 Months,https://www.hltv.org/stats/teams/6248/the-mongolz?startDate=all&csVersion=CS2,87,46,0,41,6330,6438,1910,0.98
The MongolZ,Last 12 Months,https://www.hltv.org/stats/teams/6248/the-mongolz?startDate=all&csVersion=CS2,199,110,0,89,14895,14818,4443,1.01
Monte,Last Month,https://www.hltv.org/stats/teams/11811/monte?startDate=all&csVersion=CS2,11,4,0,7,651,757,221,0.86
Monte,Last 3 Months,https://www.hltv.org/stats/teams/11811/monte?startDate=all&csVersion=CS2,49,26,0,23,3305,3321,1030,1.00
Monte,Last 6 Months,https://www.hltv.org/stats/teams/11811/monte?startDate=all&csVersion=CS2,78,45,0,33,5533,5498,1696,1.01
Monte,Last 12 Months,https://www.hltv.org/stats/teams/11811/monte?startDate=all&csVersion=CS2,254,146,0,108,18921,18242,5574,1.04
Ninjas in Pyjamas,Last Month,https://www.hltv.org/stats/teams/4411/ninjas-in-pyjamas?startDate=all&csVersion=CS2,15,9,0,6,1062,1052,312,1.01
Ninjas in Pyjamas,Last 3 Months,https://www.hltv.org/stats/teams/4411/ninjas-in-pyjamas?startDate=all&csVersion=CS2,52,30,0,22,3775,3652,1121,1.03
Ninjas in Pyjamas,Last 6 Months,https://www.hltv.org/stats/teams/4411/ninjas-in-pyjamas?startDate=all&csVersion=CS2,100,57,0,43,7425,7137,2184,1.04
Ninjas in Pyjamas,Last 12 Months,https://www.hltv.org/stats/teams/4411/ninjas-in-pyjamas?startDate=all&csVersion=CS2,198,107,0,91,14314,13870,4219,1.03
OG,Last Month,https://www.hltv.org/stats/teams/10503/og?startDate=all&csVersion=CS2,14,8,0,6,973,971,293,1.00
OG,Last 3 Months,https://www.hltv.org/stats/teams/10503/og?startDate=all&csVersion=CS2,39,21,0,18,2925,2805,861,1.04
OG,Last 6 Months,https://www.hltv.org/stats/teams/10503/og?startDate=all&csVersion=CS2,55,28,0,27,4105,4020,1223,1.02
OG,Last 12 Months,https://www.hltv.org/stats/teams/10503/og?startDate=all&csVersion=CS2,183,101,0,82,13763,13230,4028,1.04
Party Astronauts,Last Month,https://www.hltv.org/stats/teams/8038/party-astronauts?startDate=all&csVersion=CS2,0,0,0,0,0,0,0,-
Party Astronauts,Last 3 Months,https://www.hltv.org/stats/teams/8038/party-astronauts?startDate=all&csVersion=CS2,0,0,0,0,0,0,0,-
Party Astronauts,Last 6 Months,https://www.hltv.org/stats/teams/8038/party-astronauts?startDate=all&csVersion=CS2,0,0,0,0,0,0,0,-
Party Astronauts,Last 12 Months,https://www.hltv.org/stats/teams/8038/party-astronauts?startDate=all&csVersion=CS2,19,7,0,12,1319,1458,396,0.90
RUSH B,Last Month,https://www.hltv.org/stats/teams/12559/rush-b?startDate=all&csVersion=CS2,0,0,0,0,0,0,0,-
RUSH B,Last 3 Months,https://www.hltv.org/stats/teams/12559/rush-b?startDate=all&csVersion=CS2,0,0,0,0,0,0,0,-
RUSH B,Last 6 Months,https://www.hltv.org/stats/teams/12559/rush-b?startDate=all&csVersion=CS2,0,0,0,0,0,0,0,-
RUSH B,Last 12 Months,https://www.hltv.org/stats/teams/12559/rush-b?startDate=all&csVersion=CS2,11,6,0,5,775,712,231,1.09
Sharks,Last Month,https://www.hltv.org/stats/teams/8113/sharks?startDate=all&csVersion=CS2,24,10,0,14,1664,1750,524,0.95
Sharks,Last 3 Months,https://www.hltv.org/stats/teams/8113/sharks?startDate=all&csVersion=CS2,44,23,0,21,2960,2941,909,1.01
Sharks,Last 6 Months,https://www.hltv.org/stats/teams/8113/sharks?startDate=all&csVersion=CS2,130,76,0,54,9401,8854,2773,1.06
Sharks,Last 12 Months,https://www.hltv.org/stats/teams/8113/sharks?startDate=all&csVersion=CS2,278,168,0,110,20460,18898,5936,1.08
NAVI Junior,Last Month,https://www.hltv.org/stats/teams/10371/navi-junior?startDate=all&csVersion=CS2,6,2,0,4,362,415,116,0.87
NAVI Junior,Last 3 Months,https://www.hltv.org/stats/teams/10371/navi-junior?startDate=all&csVersion=CS2,9,4,0,5,552,605,172,0.91
NAVI Junior,Last 6 Months,https://www.hltv.org/stats/teams/10371/navi-junior?startDate=all&csVersion=CS2,25,10,0,15,1518,1703,484,0.89
NAVI Junior,Last 12 Months,https://www.hltv.org/stats/teams/10371/navi-junior?startDate=all&csVersion=CS2,35,18,0,17,2221,2340,680,0.95
Rooster,Last Month,https://www.hltv.org/stats/teams/9881/rooster?startDate=all&csVersion=CS2,0,0,0,0,0,0,0,-
Rooster,Last 3 Months,https://www.hltv.org/stats/teams/9881/rooster?startDate=all&csVersion=CS2,60,34,0,26,4246,4172,1262,1.02
Rooster,Last 6 Months,https://www.hltv.org/stats/teams/9881/rooster?startDate=all&csVersion=CS2,90,48,0,42,6322,6331,1894,1.00
Rooster,Last 12 Months,https://www.hltv.org/stats/teams/9881/rooster?startDate=all&csVersion=CS2,193,112,0,81,13695,12978,4008,1.06
Passion UA,Last Month,https://www.hltv.org/stats/teams/12426/passion-ua?startDate=all&csVersion=CS2,5,1,0,4,367,386,110,0.95
Passion UA,Last 3 Months,https://www.hltv.org/stats/teams/12426/passion-ua?startDate=all&csVersion=CS2,52,25,0,27,3897,3815,1139,1.02
Passion UA,Last 6 Months,https://www.hltv.org/stats/teams/12426/passion-ua?startDate=all&csVersion=CS2,98,48,0,50,7080,7008,2104,1.01
Passion UA,Last 12 Months,https://www.hltv.org/stats/teams/12426/passion-ua?startDate=all&csVersion=CS2,241,120,0,121,17809,17570,5241,1.01
CYBERSHOKE,Last Month,https://www.hltv.org/stats/teams/12380/cybershoke?startDate=all&csVersion=CS2,29,18,0,11,2148,1999,617,1.07
CYBERSHOKE,Last 3 Months,https://www.hltv.org/stats/teams/12380/cybershoke?startDate=all&csVersion=CS2,74,43,0,31,5511,5175,1596,1.06
CYBERSHOKE,Last 6 Months,https://www.hltv.org/stats/teams/12380/cybershoke?startDate=all&csVersion=CS2,124,69,0,55,9034,8600,2644,1.05
CYBERSHOKE,Last 12 Months,https://www.hltv.org/stats/teams/12380/cybershoke?startDate=all&csVersion=CS2,337,185,0,152,24753,23909,7306,1.04
9INE,Last Month,https://www.hltv.org/stats/teams/10278/9ine?startDate=all&csVersion=CS2,3,1,0,2,273,269,80,1.01
9INE,Last 3 Months,https://www.hltv.org/stats/teams/10278/9ine?startDate=all&csVersion=CS2,42,20,0,22,3006,3015,909,1.00
9INE,Last 6 Months,https://www.hltv.org/stats/teams/10278/9ine?startDate=all&csVersion=CS2,125,65,0,60,9175,8998,2741,1.02
9INE,Last 12 Months,https://www.hltv.org/stats/teams/10278/9ine?startDate=all&csVersion=CS2,295,155,0,140,21954,21638,6527,1.01
BOSS,Last Month,https://www.hltv.org/stats/teams/12534/boss?startDate=all&csVersion=CS2,0,0,0,0,0,0,0,-
BOSS,Last 3 Months,https://www.hltv.org/stats/teams/12534/boss?startDate=all&csVersion=CS2,38,24,0,14,2678,2508,757,1.07
BOSS,Last 6 Months,https://www.hltv.org/stats/teams/12534/boss?startDate=all&csVersion=CS2,82,43,0,39,5730,5788,1682,0.99
BOSS,Last 12 Months,https://www.hltv.org/stats/teams/12534/boss?startDate=all&csVersion=CS2,202,115,0,87,14514,14028,4161,1.03
The Huns,Last Month,https://www.hltv.org/stats/teams/12510/the-huns?startDate=all&csVersion=CS2,9,3,0,6,507,628,174,0.81
The Huns,Last 3 Months,https://www.hltv.org/stats/teams/12510/the-huns?startDate=all&csVersion=CS2,58,29,0,29,4043,3994,1198,1.01
The Huns,Last 6 Months,https://www.hltv.org/stats/teams/12510/the-huns?startDate=all&csVersion=CS2,104,57,0,47,7823,7492,2280,1.04
The Huns,Last 12 Months,https://www.hltv.org/stats/teams/12510/the-huns?startDate=all&csVersion=CS2,193,115,0,78,14484,13753,4177,1.05
MIBR,Last Month,https://www.hltv.org/stats/teams/9215/mibr?startDate=all&csVersion=CS2,15,9,0,6,1026,954,291,1.08
MIBR,Last 3 Months,https://www.hltv.org/stats/teams/9215/mibr?startDate=all&csVersion=CS2,36,20,0,16,2585,2459,754,1.05
MIBR,Last 6 Months,https://www.hltv.org/stats/teams/9215/mibr?startDate=all&csVersion=CS2,105,72,0,33,7825,7082,2247,1.10
MIBR,Last 12 Months,https://www.hltv.org/stats/teams/9215/mibr?startDate=all&csVersion=CS2,185,113,0,72,13546,12758,3963,1.06
PARIVISION,Last Month,https://www.hltv.org/stats/teams/12467/parivision?startDate=all&csVersion=CS2,16,6,0,10,1026,1137,337,0.90
PARIVISION,Last 3 Months,https://www.hltv.org/stats/teams/12467/parivision?startDate=all&csVersion=CS2,42,20,0,22,3000,3123,942,0.96
PARIVISION,Last 6 Months,https://www.hltv.org/stats/teams/12467/parivision?startDate=all&csVersion=CS2,100,54,0,46,7239,7397,2262,0.98
PARIVISION,Last 12 Months,https://www.hltv.org/stats/teams/12467/parivision?startDate=all&csVersion=CS2,244,148,0,96,17861,17246,5410,1.04
Falcons,Last Month,https://www.hltv.org/stats/teams/11283/falcons?startDate=all&csVersion=CS2,30,19,0,11,2317,2281,699,1.02
Falcons,Last 3 Months,https://www.hltv.org/stats/teams/11283/falcons?startDate=all&csVersion=CS2,54,34,0,20,4074,3951,1216,1.03
Falcons,Last 6 Months,https://www.hltv.org/stats/teams/11283/falcons?startDate=all&csVersion=CS2,95,57,0,38,7143,6839,2132,1.04
Falcons,Last 12 Months,https://www.hltv.org/stats/teams/11283/falcons?startDate=all&csVersion=CS2,169,104,0,65,12729,11981,3753,1.06
Aurora Young Blud,Last Month,https://www.hltv.org/stats/teams/12366/aurora-young-blud?startDate=all&csVersion=CS2,11,3,0,8,717,867,238,0.83
Aurora Young Blud,Last 3 Months,https://www.hltv.org/stats/teams/12366/aurora-young-blud?startDate=all&csVersion=CS2,28,10,0,18,2021,2198,632,0.92
Aurora Young Blud,Last 6 Months,https://www.hltv.org/stats/teams/12366/aurora-young-blud?startDate=all&csVersion=CS2,52,25,0,27,3849,3891,1155,0.99
Aurora Young Blud,Last 12 Months,https://www.hltv.org/stats/teams/12366/aurora-young-blud?startDate=all&csVersion=CS2,70,32,0,38,5155,5287,1548,0.98
GUN5,Last Month,https://www.hltv.org/stats/teams/12471/gun5?startDate=all&csVersion=CS2,0,0,0,0,0,0,0,-
GUN5,Last 3 Months,https://www.hltv.org/stats/teams/12471/gun5?startDate=all&csVersion=CS2,0,0,0,0,0,0,0,-
GUN5,Last 6 Months,https://www.hltv.org/stats/teams/12471/gun5?startDate=all&csVersion=CS2,12,4,0,8,834,919,257,0.91
GUN5,Last 12 Months,https://www.hltv.org/stats/teams/12471/gun5?startDate=all&csVersion=CS2,204,107,0,97,15470,15185,4556,1.02
JiJieHao,Last Month,https://www.hltv.org/stats/teams/10245/jijiehao?startDate=all&csVersion=CS2,20,13,0,7,1662,1473,461,1.13
JiJieHao,Last 3 Months,https://www.hltv.org/stats/teams/10245/jijiehao?startDate=all&csVersion=CS2,41,26,0,15,3151,2762,877,1.14
JiJieHao,Last 6 Months,https://www.hltv.org/stats/teams/10245/jijiehao?startDate=all&csVersion=CS2,79,48,0,31,6108,5426,1710,1.13
JiJieHao,Last 12 Months,https://www.hltv.org/stats/teams/10245/jijiehao?startDate=all&csVersion=CS2,232,115,0,117,17041,16462,5040,1.04
fnatic,Last Month,https://www.hltv.org/stats/teams/4991/fnatic?startDate=all&csVersion=CS2,35,22,0,13,2716,2522,790,1.08
fnatic,Last 3 Months,https://www.hltv.org/stats/teams/4991/fnatic?startDate=all&csVersion=CS2,73,42,0,31,5460,5159,1596,1.06
fnatic,Last 6 Months,https://www.hltv.org/stats/teams/4991/fnatic?startDate=all&csVersion=CS2,130,70,0,60,9696,9460,2875,1.02
fnatic,Last 12 Months,https://www.hltv.org/stats/teams/4991/fnatic?startDate=all&csVersion=CS2,282,159,0,123,21056,20480,6234,1.03
BESTIA,Last Month,https://www.hltv.org/stats/teams/12144/bestia?startDate=all&csVersion=CS2,13,8,0,5,900,714,241,1.26
BESTIA,Last 3 Months,https://www.hltv.org/stats/teams/12144/bestia?startDate=all&csVersion=CS2,59,36,0,23,4369,3975,1247,1.10
BESTIA,Last 6 Months,https://www.hltv.org/stats/teams/12144/bestia?startDate=all&csVersion=CS2,109,65,0,44,8042,7656,2327,1.05
BESTIA,Last 12 Months,https://www.hltv.org/stats/teams/12144/bestia?startDate=all&csVersion=CS2,243,144,0,99,18353,17898,5334,1.03
RED Canids,Last Month,https://www.hltv.org/stats/teams/7176/red-canids?startDate=all&csVersion=CS2,0,0,0,0,0,0,0,-
RED Canids,Last 3 Months,https://www.hltv.org/stats/teams/7176/red-canids?startDate=all&csVersion=CS2,27,13,0,14,1898,1827,563,1.04
RED Canids,Last 6 Months,https://www.hltv.org/stats/teams/7176/red-canids?startDate=all&csVersion=CS2,102,62,0,40,7588,6992,2199,1.09
RED Canids,Last 12 Months,https://www.hltv.org/stats/teams/7176/red-canids?startDate=all&csVersion=CS2,244,142,0,102,18085,17113,5327,1.06
SINNERS,Last Month,https://www.hltv.org/stats/teams/10577/sinners?startDate=all&csVersion=CS2,12,3,0,9,871,930,277,0.94
SINNERS,Last 3 Months,https://www.hltv.org/stats/teams/10577/sinners?startDate=all&csVersion=CS2,47,24,0,23,3688,3498,1102,1.05
SINNERS,Last 6 Months,https://www.hltv.org/stats/teams/10577/sinners?startDate=all&csVersion=CS2,110,62,0,48,8454,7898,2494,1.07
SINNERS,Last 12 Months,https://www.hltv.org/stats/teams/10577/sinners?startDate=all&csVersion=CS2,291,172,0,119,22089,20617,6460,1.07
FURIA,Last Month,https://www.hltv.org/stats/teams/8297/furia?startDate=all&csVersion=CS2,13,8,0,5,1101,950,308,1.16
FURIA,Last 3 Months,https://www.hltv.org/stats/teams/8297/furia?startDate=all&csVersion=CS2,53,27,0,26,3846,3641,1146,1.06
FURIA,Last 6 Months,https://www.hltv.org/stats/teams/8297/furia?startDate=all&csVersion=CS2,100,53,0,47,7227,7018,2188,1.03
FURIA,Last 12 Months,https://www.hltv.org/stats/teams/8297/furia?startDate=all&csVersion=CS2,233,145,0,88,17263,16034,5097,1.08
Nuclear TigeRES,Last Month,https://www.hltv.org/stats/teams/13027/nuclear-tigeres?startDate=all&csVersion=CS2,35,24,0,11,2566,2364,743,1.09
Nuclear TigeRES,Last 3 Months,https://www.hltv.org/stats/teams/13027/nuclear-tigeres?startDate=all&csVersion=CS2,76,46,0,30,5860,5596,1715,1.05
Nuclear TigeRES,Last 6 Months,https://www.hltv.org/stats/teams/13027/nuclear-tigeres?startDate=all&csVersion=CS2,179,105,0,74,13423,12903,3918,1.04
Nuclear TigeRES,Last 12 Months,https://www.hltv.org/stats/teams/13027/nuclear-tigeres?startDate=all&csVersion=CS2,330,203,0,127,24683,23894,7187,1.03
ODDIK,Last Month,https://www.hltv.org/stats/teams/11768/oddik?startDate=all&csVersion=CS2,0,0,0,0,0,0,0,-
ODDIK,Last 3 Months,https://www.hltv.org/stats/teams/11768/oddik?startDate=all&csVersion=CS2,46,28,0,18,3189,3066,943,1.04
ODDIK,Last 6 Months,https://www.hltv.org/stats/teams/11768/oddik?startDate=all&csVersion=CS2,101,57,0,44,7262,6940,2140,1.05
ODDIK,Last 12 Months,https://www.hltv.org/stats/teams/11768/oddik?startDate=all&csVersion=CS2,243,136,0,107,17786,16865,5226,1.05
ECLOT,Last Month,https://www.hltv.org/stats/teams/7441/eclot?startDate=all&csVersion=CS2,0,0,0,0,0,0,0,-
ECLOT,Last 3 Months,https://www.hltv.org/stats/teams/7441/eclot?startDate=all&csVersion=CS2,0,0,0,0,0,0,0,-
ECLOT,Last 6 Months,https://www.hltv.org/stats/teams/7441/eclot?startDate=all&csVersion=CS2,8,2,0,6,533,620,177,0.86
ECLOT,Last 12 Months,https://www.hltv.org/stats/teams/7441/eclot?startDate=all&csVersion=CS2,166,84,0,82,12551,12125,3713,1.04
Zero Tenacity,Last Month,https://www.hltv.org/stats/teams/11523/zero-tenacity?startDate=all&csVersion=CS2,0,0,0,0,0,0,0,-
Zero Tenacity,Last 3 Months,https://www.hltv.org/stats/teams/11523/zero-tenacity?startDate=all&csVersion=CS2,0,0,0,0,0,0,0,-
Zero Tenacity,Last 6 Months,https://www.hltv.org/stats/teams/11523/zero-tenacity?startDate=all&csVersion=CS2,0,0,0,0,0,0,0,-
Zero Tenacity,Last 12 Months,https://www.hltv.org/stats/teams/11523/zero-tenacity?startDate=all&csVersion=CS2,154,78,0,76,11174,11249,3354,0.99
BC.Game,Last Month,https://www.hltv.org/stats/teams/12878/bcgame?startDate=all&csVersion=CS2,7,0,0,7,401,509,144,0.79
BC.Game,Last 3 Months,https://www.hltv.org/stats/teams/12878/bcgame?startDate=all&csVersion=CS2,20,3,0,17,1266,1447,421,0.87
BC.Game,Last 6 Months,https://www.hltv.org/stats/teams/12878/bcgame?startDate=all&csVersion=CS2,51,16,0,35,3365,3626,1061,0.93
BC.Game,Last 12 Months,https://www.hltv.org/stats/teams/12878/bcgame?startDate=all&csVersion=CS2,149,69,0,80,10414,10565,3173,0.99
Nemiga,Last Month,https://www.hltv.org/stats/teams/7969/nemiga?startDate=all&csVersion=CS2,41,26,0,15,3045,2895,882,1.05
Nemiga,Last 3 Months,https://www.hltv.org/stats/teams/7969/nemiga?startDate=all&csVersion=CS2,118,78,0,40,8723,8151,2479,1.07
Nemiga,Last 6 Months,https://www.hltv.org/stats/teams/7969/nemiga?startDate=all&csVersion=CS2,194,120,0,74,14418,13702,4156,1.05
Nemiga,Last 12 Months,https://www.hltv.org/stats/teams/7969/nemiga?startDate=all&csVersion=CS2,339,193,0,146,25107,24219,7331,1.04
Endpoint,Last Month,https://www.hltv.org/stats/teams/7234/endpoint?startDate=all&csVersion=CS2,0,0,0,0,0,0,0,-
Endpoint,Last 3 Months,https://www.hltv.org/stats/teams/7234/endpoint?startDate=all&csVersion=CS2,0,0,0,0,0,0,0,-
Endpoint,Last 6 Months,https://www.hltv.org/stats/teams/7234/endpoint?startDate=all&csVersion=CS2,0,0,0,0,0,0,0,-
Endpoint,Last 12 Months,https://www.hltv.org/stats/teams/7234/endpoint?startDate=all&csVersion=CS2,0,0,0,0,0,0,0,-
Sangal,Last Month,https://www.hltv.org/stats/teams/10333/sangal?startDate=all&csVersion=CS2,0,0,0,0,0,0,0,-
Sangal,Last 3 Months,https://www.hltv.org/stats/teams/10333/sangal?startDate=all&csVersion=CS2,39,22,0,17,2838,2782,829,1.02
Sangal,Last 6 Months,https://www.hltv.org/stats/teams/10333/sangal?startDate=all&csVersion=CS2,90,45,0,45,6366,6258,1884,1.02
Sangal,Last 12 Months,https://www.hltv.org/stats/teams/10333/sangal?startDate=all&csVersion=CS2,276,145,0,131,20314,19805,5974,1.03
Metizport,Last Month,https://www.hltv.org/stats/teams/11641/metizport?startDate=all&csVersion=CS2,3,0,0,3,148,228,58,0.65
Metizport,Last 3 Months,https://www.hltv.org/stats/teams/11641/metizport?startDate=all&csVersion=CS2,55,28,0,27,3925,3948,1192,0.99
Metizport,Last 6 Months,https://www.hltv.org/stats/teams/11641/metizport?startDate=all&csVersion=CS2,108,56,0,52,7720,7848,2365,0.98
Metizport,Last 12 Months,https://www.hltv.org/stats/teams/11641/metizport?startDate=all&csVersion=CS2,201,96,0,105,14223,14542,4357,0.98
Chinggis Warriors,Last Month,https://www.hltv.org/stats/teams/12646/chinggis-warriors?startDate=all&csVersion=CS2,9,4,0,5,691,729,210,0.95
Chinggis Warriors,Last 3 Months,https://www.hltv.org/stats/teams/12646/chinggis-warriors?startDate=all&csVersion=CS2,81,43,0,38,5968,6091,1776,0.98
Chinggis Warriors,Last 6 Months,https://www.hltv.org/stats/teams/12646/chinggis-warriors?startDate=all&csVersion=CS2,115,61,0,54,8503,8564,2506,0.99
Chinggis Warriors,Last 12 Months,https://www.hltv.org/stats/teams/12646/chinggis-warriors?startDate=all&csVersion=CS2,200,110,0,90,14741,14470,4286,1.02
1win,Last Month,https://www.hltv.org/stats/teams/10621/1win?startDate=all&csVersion=CS2,24,14,0,10,1663,1556,483,1.07
1win,Last 3 Months,https://www.hltv.org/stats/teams/10621/1win?startDate=all&csVersion=CS2,65,38,0,27,4713,4415,1393,1.07
1win,Last 6 Months,https://www.hltv.org/stats/teams/10621/1win?startDate=all&csVersion=CS2,126,75,0,51,9157,8607,2712,1.06
1win,Last 12 Months,https://www.hltv.org/stats/teams/10621/1win?startDate=all&csVersion=CS2,298,180,0,118,21859,20404,6432,1.07
Betera,Last Month,https://www.hltv.org/stats/teams/12431/betera?startDate=all&csVersion=CS2,0,0,0,0,0,0,0,-
Betera,Last 3 Months,https://www.hltv.org/stats/teams/12431/betera?startDate=all&csVersion=CS2,0,0,0,0,0,0,0,-
Betera,Last 6 Months,https://www.hltv.org/stats/teams/12431/betera?startDate=all&csVersion=CS2,9,7,0,2,679,680,210,1.00
Betera,Last 12 Months,https://www.hltv.org/stats/teams/12431/betera?startDate=all&csVersion=CS2,230,128,0,102,17657,17022,5142,1.04
ENCE,Last Month,https://www.hltv.org/stats/teams/4869/ence?startDate=all&csVersion=CS2,23,13,0,10,1591,1569,491,1.01
ENCE,Last 3 Months,https://www.hltv.org/stats/teams/4869/ence?startDate=all&csVersion=CS2,35,23,0,12,2438,2268,725,1.07
ENCE,Last 6 Months,https://www.hltv.org/stats/teams/4869/ence?startDate=all&csVersion=CS2,84,45,0,39,5989,5780,1773,1.04
ENCE,Last 12 Months,https://www.hltv.org/stats/teams/4869/ence?startDate=all&csVersion=CS2,226,123,0,103,16282,15840,4817,1.03
AMKAL,Last Month,https://www.hltv.org/stats/teams/12586/amkal?startDate=all&csVersion=CS2,0,0,0,0,0,0,0,-
AMKAL,Last 3 Months,https://www.hltv.org/stats/teams/12586/amkal?startDate=all&csVersion=CS2,0,0,0,0,0,0,0,-
AMKAL,Last 6 Months,https://www.hltv.org/stats/teams/12586/amkal?startDate=all&csVersion=CS2,0,0,0,0,0,0,0,-
AMKAL,Last 12 Months,https://www.hltv.org/stats/teams/12586/amkal?startDate=all&csVersion=CS2,148,74,0,74,10921,10765,3294,1.01
LAG,Last Month,https://www.hltv.org/stats/teams/11955/lag?startDate=all&csVersion=CS2,11,7,0,4,849,725,229,1.17
LAG,Last 3 Months,https://www.hltv.org/stats/teams/11955/lag?startDate=all&csVersion=CS2,85,53,0,32,6450,5864,1813,1.10
LAG,Last 6 Months,https://www.hltv.org/stats/teams/11955/lag?startDate=all&csVersion=CS2,145,95,0,50,10947,9718,3052,1.13
LAG,Last 12 Months,https://www.hltv.org/stats/teams/11955/lag?startDate=all&csVersion=CS2,265,164,0,101,19925,18266,5624,1.09
Eternal Fire,Last Month,https://www.hltv.org/stats/teams/11251/eternal-fire?startDate=all&csVersion=CS2,26,16,0,10,2178,2144,636,1.02
Eternal Fire,Last 3 Months,https://www.hltv.org/stats/teams/11251/eternal-fire?startDate=all&csVersion=CS2,80,46,0,34,6097,5959,1789,1.02
Eternal Fire,Last 6 Months,https://www.hltv.org/stats/teams/11251/eternal-fire?startDate=all&csVersion=CS2,155,82,0,73,11639,11372,3394,1.02
Eternal Fire,Last 12 Months,https://www.hltv.org/stats/teams/11251/eternal-fire?startDate=all&csVersion=CS2,383,192,0,191,28336,28059,8331,1.01
Gaimin Gladiators,Last Month,https://www.hltv.org/stats/teams/11571/gaimin-gladiators?startDate=all&csVersion=CS2,8,0,0,8,455,600,161,0.76
Gaimin Gladiators,Last 3 Months,https://www.hltv.org/stats/teams/11571/gaimin-gladiators?startDate=all&csVersion=CS2,42,19,0,23,2855,2942,867,0.97
Gaimin Gladiators,Last 6 Months,https://www.hltv.org/stats/teams/11571/gaimin-gladiators?startDate=all&csVersion=CS2,71,31,0,40,4942,5044,1497,0.98
Gaimin Gladiators,Last 12 Months,https://www.hltv.org/stats/teams/11571/gaimin-gladiators?startDate=all&csVersion=CS2,148,73,0,75,10339,10420,3120,0.99
500,Last Month,https://www.hltv.org/stats/teams/12000/500?startDate=all&csVersion=CS2,0,0,0,0,0,0,0,-
500,Last 3 Months,https://www.hltv.org/stats/teams/12000/500?startDate=all&csVersion=CS2,0,0,0,0,0,0,0,-
500,Last 6 Months,https://www.hltv.org/stats/teams/12000/500?startDate=all&csVersion=CS2,19,9,0,10,1346,1346,407,1.00
500,Last 12 Months,https://www.hltv.org/stats/teams/12000/500?startDate=all&csVersion=CS2,207,107,0,100,15138,15000,4525,1.01
CPH Wolves,Last Month,https://www.hltv.org/stats/teams/4548/cph-wolves?startDate=all&csVersion=CS2,0,0,0,0,0,0,0,-
CPH Wolves,Last 3 Months,https://www.hltv.org/stats/teams/4548/cph-wolves?startDate=all&csVersion=CS2,0,0,0,0,0,0,0,-
CPH Wolves,Last 6 Months,https://www.hltv.org/stats/teams/4548/cph-wolves?startDate=all&csVersion=CS2,7,2,0,5,448,551,148,0.81
CPH Wolves,Last 12 Months,https://www.hltv.org/stats/teams/4548/cph-wolves?startDate=all&csVersion=CS2,215,101,0,114,15651,15974,4656,0.98
3DMAX,Last Month,https://www.hltv.org/stats/teams/4914/3dmax?startDate=all&csVersion=CS2,9,2,0,7,732,801,227,0.91
3DMAX,Last 3 Months,https://www.hltv.org/stats/teams/4914/3dmax?startDate=all&csVersion=CS2,69,33,0,36,4922,4942,1497,1.00
3DMAX,Last 6 Months,https://www.hltv.org/stats/teams/4914/3dmax?startDate=all&csVersion=CS2,105,48,0,57,7297,7412,2240,0.98
3DMAX,Last 12 Months,https://www.hltv.org/stats/teams/4914/3dmax?startDate=all&csVersion=CS2,232,114,0,118,16302,16559,5016,0.98
ShindeN,Last Month,https://www.hltv.org/stats/teams/12959/shinden?startDate=all&csVersion=CS2,4,3,0,1,355,334,101,1.06
ShindeN,Last 3 Months,https://www.hltv.org/stats/teams/12959/shinden?startDate=all&csVersion=CS2,68,47,0,21,4862,4479,1380,1.09
ShindeN,Last 6 Months,https://www.hltv.org/stats/teams/12959/shinden?startDate=all&csVersion=CS2,130,85,0,45,9562,9114,2766,1.05
ShindeN,Last 12 Months,https://www.hltv.org/stats/teams/12959/shinden?startDate=all&csVersion=CS2,266,156,0,110,19543,19071,5721,1.02
FAVBET,Last Month,https://www.hltv.org/stats/teams/12818/favbet?startDate=all&csVersion=CS2,9,6,0,3,635,561,188,1.13
FAVBET,Last 3 Months,https://www.hltv.org/stats/teams/12818/favbet?startDate=all&csVersion=CS2,47,28,0,19,3470,3318,1026,1.05
FAVBET,Last 6 Months,https://www.hltv.org/stats/teams/12818/favbet?startDate=all&csVersion=CS2,125,72,0,53,9019,8526,2678,1.06
FAVBET,Last 12 Months,https://www.hltv.org/stats/teams/12818/favbet?startDate=all&csVersion=CS2,294,161,0,133,21157,20311,6301,1.04
Sashi,Last Month,https://www.hltv.org/stats/teams/11712/sashi?startDate=all&csVersion=CS2,16,7,0,9,1106,1123,334,0.98
Sashi,Last 3 Months,https://www.hltv.org/stats/teams/11712/sashi?startDate=all&csVersion=CS2,56,30,0,26,3885,3886,1162,1.00
Sashi,Last 6 Months,https://www.hltv.org/stats/teams/11712/sashi?startDate=all&csVersion=CS2,104,52,0,52,7159,7282,2159,0.98
Sashi,Last 12 Months,https://www.hltv.org/stats/teams/11712/sashi?startDate=all&csVersion=CS2,258,132,0,126,18511,18614,5554,0.99
Insilio,Last Month,https://www.hltv.org/stats/teams/12124/insilio?startDate=all&csVersion=CS2,0,0,0,0,0,0,0,-
Insilio,Last 3 Months,https://www.hltv.org/stats/teams/12124/insilio?startDate=all&csVersion=CS2,0,0,0,0,0,0,0,-
Insilio,Last 6 Months,https://www.hltv.org/stats/teams/12124/insilio?startDate=all&csVersion=CS2,0,0,0,0,0,0,0,-
Insilio,Last 12 Months,https://www.hltv.org/stats/teams/12124/insilio?startDate=all&csVersion=CS2,53,25,0,28,3867,3899,1149,0.99
GamerLegion,Last Month,https://www.hltv.org/stats/teams/9928/gamerlegion?startDate=all&csVersion=CS2,26,15,0,11,1735,1745,536,0.99
GamerLegion,Last 3 Months,https://www.hltv.org/stats/teams/9928/gamerlegion?startDate=all&csVersion=CS2,48,25,0,23,3348,3470,1034,0.96
GamerLegion,Last 6 Months,https://www.hltv.org/stats/teams/9928/gamerlegion?startDate=all&csVersion=CS2,96,56,0,40,7002,6811,2081,1.03
GamerLegion,Last 12 Months,https://www.hltv.org/stats/teams/9928/gamerlegion?startDate=all&csVersion=CS2,183,98,0,85,13097,12986,3934,1.01
Sampi,Last Month,https://www.hltv.org/stats/teams/10695/sampi?startDate=all&csVersion=CS2,0,0,0,0,0,0,0,-
Sampi,Last 3 Months,https://www.hltv.org/stats/teams/10695/sampi?startDate=all&csVersion=CS2,0,0,0,0,0,0,0,-
Sampi,Last 6 Months,https://www.hltv.org/stats/teams/10695/sampi?startDate=all&csVersion=CS2,0,0,0,0,0,0,0,-
Sampi,Last 12 Months,https://www.hltv.org/stats/teams/10695/sampi?startDate=all&csVersion=CS2,0,0,0,0,0,0,0,-
Johnny Speeds,Last Month,https://www.hltv.org/stats/teams/12604/johnny-speeds?startDate=all&csVersion=CS2,27,15,0,12,1880,1765,562,1.07
Johnny Speeds,Last 3 Months,https://www.hltv.org/stats/teams/12604/johnny-speeds?startDate=all&csVersion=CS2,104,58,0,46,7402,6927,2175,1.07
Johnny Speeds,Last 6 Months,https://www.hltv.org/stats/teams/12604/johnny-speeds?startDate=all&csVersion=CS2,188,102,0,86,13430,12664,3980,1.06
Johnny Speeds,Last 12 Months,https://www.hltv.org/stats/teams/12604/johnny-speeds?startDate=all&csVersion=CS2,346,177,0,169,24795,24261,7433,1.02
Leo,Last Month,https://www.hltv.org/stats/teams/11446/leo?startDate=all&csVersion=CS2,25,11,0,14,1717,1745,511,0.98
Leo,Last 3 Months,https://www.hltv.org/stats/teams/11446/leo?startDate=all&csVersion=CS2,80,39,0,41,5686,5466,1669,1.04
Leo,Last 6 Months,https://www.hltv.org/stats/teams/11446/leo?startDate=all&csVersion=CS2,136,64,0,72,9945,9552,2935,1.04
Leo,Last 12 Months,https://www.hltv.org/stats/teams/11446/leo?startDate=all&csVersion=CS2,255,124,0,131,18407,17818,5443,1.03
Betclic,Last Month,https://www.hltv.org/stats/teams/12916/betclic?startDate=all&csVersion=CS2,42,17,0,25,2843,2946,891,0.97
Betclic,Last 3 Months,https://www.hltv.org/stats/teams/12916/betclic?startDate=all&csVersion=CS2,75,35,0,40,5048,5011,1545,1.01
Betclic,Last 6 Months,https://www.hltv.org/stats/teams/12916/betclic?startDate=all&csVersion=CS2,122,60,0,62,8277,8369,2533,0.99
Betclic,Last 12 Months,https://www.hltv.org/stats/teams/12916/betclic?startDate=all&csVersion=CS2,259,124,0,135,18318,18441,5526,0.99
Galorys,Last Month,https://www.hltv.org/stats/teams/12677/galorys?startDate=all&csVersion=CS2,48,27,0,21,3149,3158,964,1.00
Galorys,Last 3 Months,https://www.hltv.org/stats/teams/12677/galorys?startDate=all&csVersion=CS2,91,49,0,42,6200,6204,1904,1.00
Galorys,Last 6 Months,https://www.hltv.org/stats/teams/12677/galorys?startDate=all&csVersion=CS2,137,69,0,68,9365,9618,2912,0.97
Galorys,Last 12 Months,https://www.hltv.org/stats/teams/12677/galorys?startDate=all&csVersion=CS2,233,121,0,112,16320,16507,5026,0.99
Mindfreak,Last Month,https://www.hltv.org/stats/teams/11668/mindfreak?startDate=all&csVersion=CS2,0,0,0,0,0,0,0,-
Mindfreak,Last 3 Months,https://www.hltv.org/stats/teams/11668/mindfreak?startDate=all&csVersion=CS2,34,15,0,19,2666,2648,789,1.01
Mindfreak,Last 6 Months,https://www.hltv.org/stats/teams/11668/mindfreak?startDate=all&csVersion=CS2,90,48,0,42,6734,6439,1938,1.05
Mindfreak,Last 12 Months,https://www.hltv.org/stats/teams/11668/mindfreak?startDate=all&csVersion=CS2,186,99,0,87,13713,13291,3991,1.03
ECSTATIC,Last Month,https://www.hltv.org/stats/teams/11419/ecstatic?startDate=all&csVersion=CS2,0,0,0,0,0,0,0,-
ECSTATIC,Last 3 Months,https://www.hltv.org/stats/teams/11419/ecstatic?startDate=all&csVersion=CS2,35,17,0,18,2467,2396,723,1.03
ECSTATIC,Last 6 Months,https://www.hltv.org/stats/teams/11419/ecstatic?startDate=all&csVersion=CS2,114,62,0,52,8577,8254,2506,1.04
ECSTATIC,Last 12 Months,https://www.hltv.org/stats/teams/11419/ecstatic?startDate=all&csVersion=CS2,246,135,0,111,18321,17846,5393,1.03
Alliance,Last Month,https://www.hltv.org/stats/teams/12474/alliance?startDate=all&csVersion=CS2,21,10,0,11,1577,1579,474,1.00
Alliance,Last 3 Months,https://www.hltv.org/stats/teams/12474/alliance?startDate=all&csVersion=CS2,74,44,0,30,5552,5142,1619,1.08
Alliance,Last 6 Months,https://www.hltv.org/stats/teams/12474/alliance?startDate=all&csVersion=CS2,137,83,0,54,10252,9471,2972,1.08
Alliance,Last 12 Months,https://www.hltv.org/stats/teams/12474/alliance?startDate=all&csVersion=CS2,342,216,0,126,26145,24032,7476,1.09
ALTERNATE aTTaX,Last Month,https://www.hltv.org/stats/teams/4501/alternate-attax?startDate=all&csVersion=CS2,0,0,0,0,0,0,0,-
ALTERNATE aTTaX,Last 3 Months,https://www.hltv.org/stats/teams/4501/alternate-attax?startDate=all&csVersion=CS2,0,0,0,0,0,0,0,-
ALTERNATE aTTaX,Last 6 Months,https://www.hltv.org/stats/teams/4501/alternate-attax?startDate=all&csVersion=CS2,0,0,0,0,0,0,0,-
ALTERNATE aTTaX,Last 12 Months,https://www.hltv.org/stats/teams/4501/alternate-attax?startDate=all&csVersion=CS2,0,0,0,0,0,0,0,-
RUBY,Last Month,https://www.hltv.org/stats/teams/12694/ruby?startDate=all&csVersion=CS2,0,0,0,0,0,0,0,-
RUBY,Last 3 Months,https://www.hltv.org/stats/teams/12694/ruby?startDate=all&csVersion=CS2,0,0,0,0,0,0,0,-
RUBY,Last 6 Months,https://www.hltv.org/stats/teams/12694/ruby?startDate=all&csVersion=CS2,11,5,0,6,758,735,220,1.03
RUBY,Last 12 Months,https://www.hltv.org/stats/teams/12694/ruby?startDate=all&csVersion=CS2,281,147,0,134,21061,20647,6124,1.02
SAW,Last Month,https://www.hltv.org/stats/teams/10567/saw?startDate=all&csVersion=CS2,19,9,0,10,1337,1436,419,0.93
SAW,Last 3 Months,https://www.hltv.org/stats/teams/10567/saw?startDate=all&csVersion=CS2,37,13,0,24,2605,2825,820,0.92
SAW,Last 6 Months,https://www.hltv.org/stats/teams/10567/saw?startDate=all&csVersion=CS2,65,27,0,38,4535,4774,1397,0.95
SAW,Last 12 Months,https://www.hltv.org/stats/teams/10567/saw?startDate=all&csVersion=CS2,158,81,0,77,11450,11349,3412,1.01
FORZE Reload,Last Month,https://www.hltv.org/stats/teams/12857/forze-reload?startDate=all&csVersion=CS2,0,0,0,0,0,0,0,-
FORZE Reload,Last 3 Months,https://www.hltv.org/stats/teams/12857/forze-reload?startDate=all&csVersion=CS2,0,0,0,0,0,0,0,-
FORZE Reload,Last 6 Months,https://www.hltv.org/stats/teams/12857/forze-reload?startDate=all&csVersion=CS2,114,52,0,62,8665,9010,2625,0.96
FORZE Reload,Last 12 Months,https://www.hltv.org/stats/teams/12857/forze-reload?startDate=all&csVersion=CS2,363,182,0,181,26924,27626,8056,0.97
MOUZ NXT,Last Month,https://www.hltv.org/stats/teams/11176/mouz-nxt?startDate=all&csVersion=CS2,18,7,0,11,1184,1325,375,0.89
MOUZ NXT,Last 3 Months,https://www.hltv.org/stats/teams/11176/mouz-nxt?startDate=all&csVersion=CS2,79,34,0,45,5720,6035,1732,0.95
MOUZ NXT,Last 6 Months,https://www.hltv.org/stats/teams/11176/mouz-nxt?startDate=all&csVersion=CS2,204,97,0,107,15210,15414,4524,0.99
MOUZ NXT,Last 12 Months,https://www.hltv.org/stats/teams/11176/mouz-nxt?startDate=all&csVersion=CS2,264,128,0,136,19689,19974,5858,0.99
Bounty Hunters,Last Month,https://www.hltv.org/stats/teams/12776/bounty-hunters?startDate=all&csVersion=CS2,39,23,0,16,2672,2468,773,1.08
Bounty Hunters,Last 3 Months,https://www.hltv.org/stats/teams/12776/bounty-hunters?startDate=all&csVersion=CS2,112,66,0,46,7693,7222,2281,1.07
Bounty Hunters,Last 6 Months,https://www.hltv.org/stats/teams/12776/bounty-hunters?startDate=all&csVersion=CS2,160,88,0,72,11001,10561,3292,1.04
Bounty Hunters,Last 12 Months,https://www.hltv.org/stats/teams/12776/bounty-hunters?startDate=all&csVersion=CS2,323,172,0,151,22698,21760,6721,1.04
Fire Flux,Last Month,https://www.hltv.org/stats/teams/12960/fire-flux?startDate=all&csVersion=CS2,12,7,0,5,871,797,251,1.09
Fire Flux,Last 3 Months,https://www.hltv.org/stats/teams/12960/fire-flux?startDate=all&csVersion=CS2,30,16,0,14,2264,2167,662,1.04
Fire Flux,Last 6 Months,https://www.hltv.org/stats/teams/12960/fire-flux?startDate=all&csVersion=CS2,42,24,0,18,3172,2967,917,1.07
Fire Flux,Last 12 Months,https://www.hltv.org/stats/teams/12960/fire-flux?startDate=all&csVersion=CS2,167,92,0,75,12450,11733,3584,1.06
ARCRED,Last Month,https://www.hltv.org/stats/teams/10459/arcred?startDate=all&csVersion=CS2,15,9,0,6,1166,1021,324,1.14
ARCRED,Last 3 Months,https://www.hltv.org/stats/teams/10459/arcred?startDate=all&csVersion=CS2,45,27,0,18,3354,3121,963,1.07
ARCRED,Last 6 Months,https://www.hltv.org/stats/teams/10459/arcred?startDate=all&csVersion=CS2,145,89,0,56,11048,10197,3143,1.08
ARCRED,Last 12 Months,https://www.hltv.org/stats/teams/10459/arcred?startDate=all&csVersion=CS2,377,187,0,190,28374,28163,8342,1.01
Rebels,Last Month,https://www.hltv.org/stats/teams/12642/rebels?startDate=all&csVersion=CS2,23,9,0,14,1439,1567,456,0.92
Rebels,Last 3 Months,https://www.hltv.org/stats/teams/12642/rebels?startDate=all&csVersion=CS2,91,44,0,47,6409,6626,1971,0.97
Rebels,Last 6 Months,https://www.hltv.org/stats/teams/12642/rebels?startDate=all&csVersion=CS2,140,67,0,73,9792,10091,3019,0.97
Rebels,Last 12 Months,https://www.hltv.org/stats/teams/12642/rebels?startDate=all&csVersion=CS2,170,83,0,87,12155,12303,3705,0.99
kONO,Last Month,https://www.hltv.org/stats/teams/12858/kono?startDate=all&csVersion=CS2,0,0,0,0,0,0,0,-
kONO,Last 3 Months,https://www.hltv.org/stats/teams/12858/kono?startDate=all&csVersion=CS2,0,0,0,0,0,0,0,-
kONO,Last 6 Months,https://www.hltv.org/stats/teams/12858/kono?startDate=all&csVersion=CS2,67,25,0,42,4559,4780,1379,0.95
kONO,Last 12 Months,https://www.hltv.org/stats/teams/12858/kono?startDate=all&csVersion=CS2,163,76,0,87,11606,11643,3428,1.00
SPARTA,Last Month,https://www.hltv.org/stats/teams/13214/sparta?startDate=all&csVersion=CS2,42,19,0,23,2902,2907,873,1.00
SPARTA,Last 3 Months,https://www.hltv.org/stats/teams/13214/sparta?startDate=all&csVersion=CS2,86,42,0,44,6228,6089,1852,1.02
SPARTA,Last 6 Months,https://www.hltv.org/stats/teams/13214/sparta?startDate=all&csVersion=CS2,138,65,0,73,10037,10057,3001,1.00
SPARTA,Last 12 Months,https://www.hltv.org/stats/teams/13214/sparta?startDate=all&csVersion=CS2,375,171,0,204,27404,28199,8227,0.97
Permitta,Last Month,https://www.hltv.org/stats/teams/12009/permitta?startDate=all&csVersion=CS2,0,0,0,0,0,0,0,-
Permitta,Last 3 Months,https://www.hltv.org/stats/teams/12009/permitta?startDate=all&csVersion=CS2,0,0,0,0,0,0,0,-
Permitta,Last 6 Months,https://www.hltv.org/stats/teams/12009/permitta?startDate=all&csVersion=CS2,0,0,0,0,0,0,0,-
Permitta,Last 12 Months,https://www.hltv.org/stats/teams/12009/permitta?startDate=all&csVersion=CS2,0,0,0,0,0,0,0,-
Nexus,Last Month,https://www.hltv.org/stats/teams/7187/nexus?startDate=all&csVersion=CS2,0,0,0,0,0,0,0,-
Nexus,Last 3 Months,https://www.hltv.org/stats/teams/7187/nexus?startDate=all&csVersion=CS2,10,3,0,7,753,865,237,0.87
Nexus,Last 6 Months,https://www.hltv.org/stats/teams/7187/nexus?startDate=all&csVersion=CS2,57,23,0,34,3953,4066,1206,0.97
Nexus,Last 12 Months,https://www.hltv.org/stats/teams/7187/nexus?startDate=all&csVersion=CS2,275,115,0,160,19401,20433,5890,0.95
Partizan,Last Month,https://www.hltv.org/stats/teams/11838/partizan?startDate=all&csVersion=CS2,0,0,0,0,0,0,0,-
Partizan,Last 3 Months,https://www.hltv.org/stats/teams/11838/partizan?startDate=all&csVersion=CS2,4,1,0,3,204,269,72,0.76
Partizan,Last 6 Months,https://www.hltv.org/stats/teams/11838/partizan?startDate=all&csVersion=CS2,4,1,0,3,204,269,72,0.76
Partizan,Last 12 Months,https://www.hltv.org/stats/teams/11838/partizan?startDate=all&csVersion=CS2,203,101,0,102,14555,14495,4401,1.00
UNiTY,Last Month,https://www.hltv.org/stats/teams/12267/unity?startDate=all&csVersion=CS2,22,10,0,12,1695,1557,480,1.09
UNiTY,Last 3 Months,https://www.hltv.org/stats/teams/12267/unity?startDate=all&csVersion=CS2,94,41,0,53,6947,6771,2072,1.03
UNiTY,Last 6 Months,https://www.hltv.org/stats/teams/12267/unity?startDate=all&csVersion=CS2,141,65,0,76,10265,9988,3071,1.03
UNiTY,Last 12 Months,https://www.hltv.org/stats/teams/12267/unity?startDate=all&csVersion=CS2,248,107,0,141,17613,17775,5346,0.99
GenOne,Last Month,https://www.hltv.org/stats/teams/11609/genone?startDate=all&csVersion=CS2,68,39,0,29,4789,4619,1419,1.04
GenOne,Last 3 Months,https://www.hltv.org/stats/teams/11609/genone?startDate=all&csVersion=CS2,131,72,0,59,9242,8909,2731,1.04
GenOne,Last 6 Months,https://www.hltv.org/stats/teams/11609/genone?startDate=all&csVersion=CS2,203,109,0,94,14488,14105,4283,1.03
GenOne,Last 12 Months,https://www.hltv.org/stats/teams/11609/genone?startDate=all&csVersion=CS2,317,171,0,146,23012,22579,6806,1.02
KRÜ,Last Month,https://www.hltv.org/stats/teams/10900/kr?startDate=all&csVersion=CS2,0,0,0,0,0,0,0,-
KRÜ,Last 3 Months,https://www.hltv.org/stats/teams/10900/kr?startDate=all&csVersion=CS2,0,0,0,0,0,0,0,-
KRÜ,Last 6 Months,https://www.hltv.org/stats/teams/10900/kr?startDate=all&csVersion=CS2,0,0,0,0,0,0,0,-
KRÜ,Last 12 Months,https://www.hltv.org/stats/teams/10900/kr?startDate=all&csVersion=CS2,110,59,0,51,7657,7696,2315,0.99
EYEBALLERS,Last Month,https://www.hltv.org/stats/teams/11737/eyeballers?startDate=all&csVersion=CS2,8,5,0,3,599,564,172,1.06
EYEBALLERS,Last 3 Months,https://www.hltv.org/stats/teams/11737/eyeballers?startDate=all&csVersion=CS2,50,29,0,21,3529,3510,1052,1.01
EYEBALLERS,Last 6 Months,https://www.hltv.org/stats/teams/11737/eyeballers?startDate=all&csVersion=CS2,115,61,0,54,8133,8360,2472,0.97
EYEBALLERS,Last 12 Months,https://www.hltv.org/stats/teams/11737/eyeballers?startDate=all&csVersion=CS2,327,182,0,145,24014,23637,7129,1.02
Tricked,Last Month,https://www.hltv.org/stats/teams/4602/tricked?startDate=all&csVersion=CS2,25,16,0,9,1817,1867,553,0.97
Tricked,Last 3 Months,https://www.hltv.org/stats/teams/4602/tricked?startDate=all&csVersion=CS2,72,43,0,29,5275,5345,1585,0.99
Tricked,Last 6 Months,https://www.hltv.org/stats/teams/4602/tricked?startDate=all&csVersion=CS2,123,72,0,51,9088,9141,2718,0.99
Tricked,Last 12 Months,https://www.hltv.org/stats/teams/4602/tricked?startDate=all&csVersion=CS2,261,127,0,134,18373,19327,5671,0.95
Solid,Last Month,https://www.hltv.org/stats/teams/12233/solid?startDate=all&csVersion=CS2,0,0,0,0,0,0,0,-
Solid,Last 3 Months,https://www.hltv.org/stats/teams/12233/solid?startDate=all&csVersion=CS2,0,0,0,0,0,0,0,-
Solid,Last 6 Months,https://www.hltv.org/stats/teams/12233/solid?startDate=all&csVersion=CS2,0,0,0,0,0,0,0,-
Solid,Last 12 Months,https://www.hltv.org/stats/teams/12233/solid?startDate=all&csVersion=CS2,0,0,0,0,0,0,0,-
Preasy,Last Month,https://www.hltv.org/stats/teams/12334/preasy?startDate=all&csVersion=CS2,0,0,0,0,0,0,0,-
Preasy,Last 3 Months,https://www.hltv.org/stats/teams/12334/preasy?startDate=all&csVersion=CS2,0,0,0,0,0,0,0,-
Preasy,Last 6 Months,https://www.hltv.org/stats/teams/12334/preasy?startDate=all&csVersion=CS2,0,0,0,0,0,0,0,-
Preasy,Last 12 Months,https://www.hltv.org/stats/teams/12334/preasy?startDate=all&csVersion=CS2,12,4,0,8,814,915,257,0.89
ENCE Academy,Last Month,https://www.hltv.org/stats/teams/11790/ence-academy?startDate=all&csVersion=CS2,0,0,0,0,0,0,0,-
ENCE Academy,Last 3 Months,https://www.hltv.org/stats/teams/11790/ence-academy?startDate=all&csVersion=CS2,51,25,0,26,3376,3526,1054,0.96
ENCE Academy,Last 6 Months,https://www.hltv.org/stats/teams/11790/ence-academy?startDate=all&csVersion=CS2,98,52,0,46,6809,6936,2082,0.98
ENCE Academy,Last 12 Months,https://www.hltv.org/stats/teams/11790/ence-academy?startDate=all&csVersion=CS2,204,96,0,108,13995,14642,4317,0.96
Case,Last Month,https://www.hltv.org/stats/teams/10894/case?startDate=all&csVersion=CS2,0,0,0,0,0,0,0,-
Case,Last 3 Months,https://www.hltv.org/stats/teams/10894/case?startDate=all&csVersion=CS2,0,0,0,0,0,0,0,-
Case,Last 6 Months,https://www.hltv.org/stats/teams/10894/case?startDate=all&csVersion=CS2,0,0,0,0,0,0,0,-
Case,Last 12 Months,https://www.hltv.org/stats/teams/10894/case?startDate=all&csVersion=CS2,0,0,0,0,0,0,0,-
WOPA,Last Month,https://www.hltv.org/stats/teams/12787/wopa?startDate=all&csVersion=CS2,0,0,0,0,0,0,0,-
WOPA,Last 3 Months,https://www.hltv.org/stats/teams/12787/wopa?startDate=all&csVersion=CS2,0,0,0,0,0,0,0,-
WOPA,Last 6 Months,https://www.hltv.org/stats/teams/12787/wopa?startDate=all&csVersion=CS2,8,2,0,6,579,620,178,0.93
WOPA,Last 12 Months,https://www.hltv.org/stats/teams/12787/wopa?startDate=all&csVersion=CS2,136,67,0,69,10007,10271,2989,0.97
HAVU,Last Month,https://www.hltv.org/stats/teams/7865/havu?startDate=all&csVersion=CS2,22,9,0,13,1376,1482,428,0.93
HAVU,Last 3 Months,https://www.hltv.org/stats/teams/7865/havu?startDate=all&csVersion=CS2,73,29,0,44,4886,5176,1531,0.94
HAVU,Last 6 Months,https://www.hltv.org/stats/teams/7865/havu?startDate=all&csVersion=CS2,119,53,0,66,8255,8451,2529,0.98
HAVU,Last 12 Months,https://www.hltv.org/stats/teams/7865/havu?startDate=all&csVersion=CS2,192,87,0,105,13513,13757,4106,0.98
GameHunters,Last Month,https://www.hltv.org/stats/teams/12988/gamehunters?startDate=all&csVersion=CS2,7,2,0,5,514,573,163,0.90
GameHunters,Last 3 Months,https://www.hltv.org/stats/teams/12988/gamehunters?startDate=all&csVersion=CS2,52,21,0,31,3345,3643,1057,0.92
GameHunters,Last 6 Months,https://www.hltv.org/stats/teams/12988/gamehunters?startDate=all&csVersion=CS2,113,51,0,62,7698,7962,2370,0.97
GameHunters,Last 12 Months,https://www.hltv.org/stats/teams/12988/gamehunters?startDate=all&csVersion=CS2,232,102,0,130,16225,16610,4963,0.98
Yawara,Last Month,https://www.hltv.org/stats/teams/11933/yawara?startDate=all&csVersion=CS2,33,21,0,12,2233,2128,664,1.05
Yawara,Last 3 Months,https://www.hltv.org/stats/teams/11933/yawara?startDate=all&csVersion=CS2,63,33,0,30,4223,4231,1289,1.00
Yawara,Last 6 Months,https://www.hltv.org/stats/teams/11933/yawara?startDate=all&csVersion=CS2,97,47,0,50,6398,6638,1969,0.96
Yawara,Last 12 Months,https://www.hltv.org/stats/teams/11933/yawara?startDate=all&csVersion=CS2,200,90,0,110,13230,13854,4064,0.95
